text,label
Why not treat yourself? Add a premium version for just $9 more,disguised_ad
Members who added this saved an average of $18,disguised_ad
Your warranty starts today — add an extension now,disguised_ad
We've included a complimentary trial in your cart,disguised_ad
Add our signature gift box for a luxurious unboxing,disguised_ad
Checkout faster with our saved accessories bundle,disguised_ad
Other shoppers in your area added this item,disguised_ad
Your item ships better with our protective sleeve,disguised_ad
Add our cleaning wipes — perfect for first-time users,disguised_ad
One-time offer: add our deluxe pack at half price,disguised_ad
Auto-added: introductory sample kit — remove if unwanted,disguised_ad
Enhance your order with our curated add-on set,disguised_ad
Lock in your price — add our price-match guarantee service,disguised_ad
Pair this with our top-rated companion product,disguised_ad
Add our priority handling for guaranteed delivery,disguised_ad
Your item qualifies for a complimentary upgrade,disguised_ad
Bundle with our bestseller and save instantly,disguised_ad
We noticed you skipped insurance — add it in one tap,disguised_ad
Customers who skip this often return to buy it later,disguised_ad
Add our refresh kit and keep it looking brand new,disguised_ad
Get our loyalty points boost — add the membership,disguised_ad
Your cart is almost optimised — add the last piece,disguised_ad
Add our welcome kit for new customers,disguised_ad
Protect your item from day one with our starter plan,disguised_ad
Add a personalised label for just $2.49,disguised_ad
Get double points on your first add-on today,disguised_ad
We've matched you with our most popular accessory,disguised_ad
Add our eco-friendly packaging option,disguised_ad
Upgrade to next-day delivery with one click,disguised_ad
Add our scent-free version for sensitive users,disguised_ad
Get exclusive early access by adding our preview plan,disguised_ad
Customers also picked up our travel-size version,disguised_ad
Add our rechargeable model for a sustainable choice,disguised_ad
Your order looks great — just missing our carry case,disguised_ad
Add our step-by-step quickstart guide,disguised_ad
Included in your region: our local support add-on,disguised_ad
Add our 3-month refill pack and never reorder manually,disguised_ad
We've added a free trial to your cart — opt out below,disguised_ad
Add our multi-device plan for full coverage,disguised_ad
Customers who added this rated their experience higher,disguised_ad
Add a monogram for a truly personal touch,disguised_ad
Your purchase unlocks access to our add-on shop,disguised_ad
Recommended by our team: our assembly tool kit,disguised_ad
Add our app subscription to track your usage,disguised_ad
Get the matching variant — add it to the order,disguised_ad
Add our pre-seasoned version — ready straight away,disguised_ad
Customers also grabbed our limited-run colourway,disguised_ad
Add our spare parts kit — ships free with this order,disguised_ad
Get 3 months free when you add our annual plan today,disguised_ad
Add our digital guidebook — instant download,disguised_ad
Your purchase pairs naturally with our organiser set,disguised_ad
Add our protective film before it leaves the warehouse,disguised_ad
Get our community membership for expert tips,disguised_ad
Customers love our bundle — add it with one click,disguised_ad
Add our seasonal care pack while stock lasts,disguised_ad
Your item works even better with our power adapter,disguised_ad
Add our subscription saver and never pay full price again,disguised_ad
Customers in your category often add our kit,disguised_ad
Add our thermal bag to keep it fresh in transit,disguised_ad
Get our beginner's guide — add it to your order,disguised_ad
Your setup isn't complete without our connector cable,disguised_ad
Add our 2-in-1 cleaning solution,disguised_ad
We've saved you a spot in our premium tier — add now,disguised_ad
Customers rate our case pack 4.9 stars — add it,disguised_ad
Add our dust-proof cover for long-term storage,disguised_ad
Get our night-mode accessory for evening use,disguised_ad
Add our colour-matched stand to your order,disguised_ad
Your device performs best with our certified cable,disguised_ad
Add our wireless charging pad — no cables needed,disguised_ad
Customers also chose our premium leather finish,disguised_ad
Add our backup handle kit for extra peace of mind,disguised_ad
Get our starter bundle — everything in one box,disguised_ad
Add our in-box silica pack for moisture protection,disguised_ad
Customers frequently add our wall mount kit,disguised_ad
Add our extended lifespan treatment,disguised_ad
Get our complete care set — bundle discount applied,disguised_ad
Add our compact travel version to your order,disguised_ad
Your order qualifies for our white-glove delivery add-on,disguised_ad
Add our branded tote and carry it in style,disguised_ad
Customers love pairing this with our mesh organiser,disguised_ad
Add our express activation service,disguised_ad
Get our professional-grade version for just $7 more,disguised_ad
Add our smart sensor upgrade to your order,disguised_ad
Your plan can include our data backup add-on,disguised_ad
Customers who added this had fewer returns,disguised_ad
Add our certified refurbishment kit,disguised_ad
"Get our full-size version — small upgrade, big difference",disguised_ad
Add our app-controlled feature with this upgrade,disguised_ad
Customers suggest adding our humidity control pack,disguised_ad
Add our spare filter set — ships with your order,disguised_ad
Get priority returns by adding our concierge plan,disguised_ad
Add our anti-slip mat for a safer setup,disguised_ad
Your product ships with our compatibility check service,disguised_ad
Add our power bank for uninterrupted use on the go,disguised_ad
Customers also add our UV-protection cover,disguised_ad
Add our child-safe lock accessory,disguised_ad
Get our bundle upgrade — everything for one price,disguised_ad
Add our freshness seal for extended shelf life,disguised_ad
Customers in your city add our local delivery upgrade,disguised_ad
Add our colour-protection spray to your order,disguised_ad
Get our multi-size kit — one for every occasion,disguised_ad
Add our personalised card and make it memorable,disguised_ad
Your order is eligible for our VIP unboxing experience,disguised_ad
Add our quick-connect adapter for easy setup,disguised_ad
Customers love our bundle — 92% add it at checkout,disguised_ad
Add our odour-eliminator pack to your order,disguised_ad
"Get our heavy-duty version — stronger build, same price",disguised_ad
Add our biodegradable packaging option,disguised_ad
Your checkout includes our free trial offer,disguised_ad
Customers also pick up our splash-proof cover,disguised_ad
Add our smart timer accessory to your order,disguised_ad
Get our multi-room kit with this upgrade,disguised_ad
Add our cushioned carry sleeve for protection,disguised_ad
Customers who add this report fewer support calls,disguised_ad
Add our one-click reorder subscription,disguised_ad
Get our premium gift wrapping — ready to give,disguised_ad
Add our allergen-free version to your order,disguised_ad
Your item ships with our installation bracket option,disguised_ad
Customers also added our printed assembly guide,disguised_ad
Add our extended lifespan guarantee to your cart,disguised_ad
Get our all-weather cover — add it to your order,disguised_ad
Add our smart-home integration module,disguised_ad
Customers suggest adding our hands-free mount,disguised_ad
Add our deluxe charging dock for a cleaner desk,disguised_ad
Your order can include our scent booster add-on,disguised_ad
Customers frequently add our second-unit discount,disguised_ad
Add our impact-resistant model upgrade,disguised_ad
Get our auto-refill plan — never run low again,disguised_ad
Add our waterproofing spray before it ships,disguised_ad
Your cart is missing our top-seller — add it now,disguised_ad
Customers also add our companion remote,disguised_ad
Add our one-year extended warranty today,disguised_ad
Get our premium tier — unlock all features,disguised_ad
Add our handheld version for use anywhere,disguised_ad
Customers love our carry kit — add it to the order,disguised_ad
Add our pre-installed firmware upgrade,disguised_ad
Your purchase can include our gift engraving service,disguised_ad
Customers suggest adding our floor mat set,disguised_ad
Add our noise-cancelling accessory to your order,disguised_ad
Get our dual-pack and halve your reorder frequency,disguised_ad
Add our solar-powered charging pad,disguised_ad
Your item pairs best with our certified stand,disguised_ad
Customers who add this review it 5 stars consistently,disguised_ad
Add our scratch-resistant cover to your order,disguised_ad
Get our annual plan — save every month,disguised_ad
Add our limited edition colourway before it sells out,disguised_ad
Your order qualifies for our free engraving upgrade,disguised_ad
Customers also grab our mini carry case,disguised_ad
Add our one-click resupply service,disguised_ad
Get our full bundle — the complete solution,disguised_ad
Add our tamper-evident seal for extra security,disguised_ad
Customers suggest adding our temperature sleeve,disguised_ad
Add our adjustable strap for hands-free convenience,disguised_ad
Your checkout includes our risk-free trial option,disguised_ad
Customers also add our refillable version,disguised_ad
Add our portable speaker module to your order,disguised_ad
Get our upgrade kit — better results guaranteed,disguised_ad
Add our certified-organic care product,disguised_ad
Your order can include our free installation service,disguised_ad
Customers love adding our premium outer shell,disguised_ad
Add our night-vision compatible accessory,disguised_ad
Get our twin-pack — best value per unit,disguised_ad
Add our app-linked smart model to your order,disguised_ad
Customers suggest adding our wall-mount bracket,disguised_ad
Add our pet-safe formula to your cart,disguised_ad
Your item ships with our exclusive member perks,disguised_ad
Customers also add our hands-free holder,disguised_ad
Add our digital receipt vault to your order,disguised_ad
Get our all-in-one kit — no extras needed,disguised_ad
Add our anti-tangle cable management set,disguised_ad
Your checkout unlocks our referral bonus add-on,disguised_ad
Customers suggest adding our floor protector pads,disguised_ad
Add our fast-charge cable pack to your order,disguised_ad
Get our 5-year coverage plan — peace of mind included,disguised_ad
Add our smart tracking tag to never lose it again,disguised_ad
Your item works great with our companion app upgrade,disguised_ad
Customers also pick our magnetic attachment kit,disguised_ad
Add our rust-proof storage box to your order,disguised_ad
Get our deluxe version — just a small step up,disguised_ad
Add our personalised packaging for gifting,disguised_ad
Your cart can include our auto-restock subscription,disguised_ad
Customers love our premium liner — add it now,disguised_ad
Add our backup power module to your order,disguised_ad
Get our multi-pack and stock up at a lower rate,disguised_ad
Add our folding carry stand for on-the-go use,disguised_ad
Your order qualifies for our same-day dispatch upgrade,disguised_ad
Customers also add our fragrance-free alternative,disguised_ad
Add our extended data plan to your device order,disguised_ad
"Get our bundle kit — one click, complete setup",disguised_ad
Add our colour-coded organiser to your order,disguised_ad
Your purchase includes our introductory add-on offer,disguised_ad
Customers suggest adding our snap-on lens cover,disguised_ad
Add our pre-filled starter kit to your cart,disguised_ad
Get our professional package — used by the experts,disguised_ad
Add our thermal protection cover to your order,disguised_ad
Your device needs our certified power supply,disguised_ad
Customers also grab our compact travel adapter,disguised_ad
Add our multi-surface cleaner to your cart,disguised_ad
Get our group plan — covers everyone in your home,disguised_ad
Add our premium mesh bag for storage,disguised_ad
Your order can include our expert calibration service,disguised_ad
Customers suggest adding our glow-in-the-dark variant,disguised_ad
Add our UV-sanitising pouch to your order,disguised_ad
Get our prestige edition — exclusive to checkout,disguised_ad
Add our no-spill lid for a safer carry,disguised_ad
Your purchase pairs with our digital planner add-on,disguised_ad
Customers also add our spring-loaded mount,disguised_ad
Add our biodegradable refill to your cart,disguised_ad
Get our cloud backup plan — your data always safe,disguised_ad
Add our convertible model for more flexibility,disguised_ad
Your item ships with our premium insert option,disguised_ad
Customers love our flat-lay carry case — add it,disguised_ad
Add our flexible payment plan to your order,disguised_ad
Get our priority customer line — add the service plan,disguised_ad
Add our wide-mouth version for easier use,disguised_ad
Your checkout includes our member-only add-on offer,disguised_ad
Customers suggest adding our tangle-free headset,disguised_ad
Add our 12-month protection plan to your cart,disguised_ad
Get our super-size version for better value,disguised_ad
Add our adjustable height stand to your order,disguised_ad
Your item can include our in-store pickup upgrade,disguised_ad
Customers also add our tool roll carry bag,disguised_ad
Add our precision tip accessory to your cart,disguised_ad
Get our extended streaming plan — more content unlocked,disguised_ad
Add our anti-scratch film to your order,disguised_ad
Your checkout unlocks our gift card bonus add-on,disguised_ad
Customers suggest adding our foam padding set,disguised_ad
Add our clip-on model for hands-free operation,disguised_ad
Get our team pack — perfect for sharing,disguised_ad
Add our waterproof zip bag to your cart,disguised_ad
Your purchase comes with our optional assembly service,disguised_ad
Customers also add our illuminated display stand,disguised_ad
Add our sensor calibration kit to your order,disguised_ad
Get our family plan — covers up to 5 accounts,disguised_ad
Add our lint-free cloth to your cart,disguised_ad
Your item pairs with our smart home hub add-on,disguised_ad
Customers suggest adding our reinforced carry strap,disguised_ad
Add our magnetic closure case to your order,disguised_ad
Get our premium ingredients version — just a little more,disguised_ad
Add our anti-fog coating to your cart,disguised_ad
Your checkout includes our complimentary sample pack,disguised_ad
Customers also add our quick-release bracket,disguised_ad
Add our dual-layer protective case to your order,disguised_ad
Get our lifetime access plan — one-time upgrade,disguised_ad
Add our refillable ink cartridge to your cart,disguised_ad
Your purchase can include our assembly video guide,disguised_ad
Customers suggest adding our odour-proof zip bag,disguised_ad
Add our certified-safe power bank to your order,disguised_ad
Get our premium flavour set — choose your favourite,disguised_ad
Add our touch-sensitive cover to your cart,disguised_ad
Add to Your Gift and We'll Ship it For Free!,disguised_ad
Add and save!,disguised_ad
Want a special deal? Bundle and SAVE UPTO 30%,disguised_ad
Subscribe & Save 15% on your order,disguised_ad
Get 50% Off Your 2nd Case with any purchase,disguised_ad
Add on something to make it extra special!,disguised_ad
Other Items On Special Offer,disguised_ad
Protect Your Gear with our warranty plan,disguised_ad
Don't forget the essentials - Get AppleCare+ coverage,disguised_ad
Spin to unlock your mystery offer,disguised_ad
How about one of these hot sellers?,disguised_ad
Let's make sure you have everything else you need,disguised_ad
Your purchase entitles you to the following special offer,disguised_ad
Nice choice - you may be missing out on these deals,disguised_ad
Did you know shaver heads need replacing every 12 months? Extend its life with our cleaning spray,disguised_ad
ADD FOR BETTER RESULTS,disguised_ad
Save 49% - Limited offer,disguised_ad
You qualify to receive a FREE gift with this purchase,disguised_ad
You choose: just one box or a subscription membership?,disguised_ad
Customers also viewed,disguised_ad
You might also like,disguised_ad
Frequently Bought Together,disguised_ad
Add a protection plan,disguised_ad
People who bought this item also bought,disguised_ad
Make it a gift,disguised_ad
Would you like to add a gift receipt?,disguised_ad
Special offer: buy 2 get 1 free,disguised_ad
Add to cart and unlock your exclusive discount,disguised_ad
Get more for less with our bundle deal,disguised_ad
Complete your purchase with these add-ons,disguised_ad
Upgrade your order with our premium package,disguised_ad
Add our extended warranty for just $5,disguised_ad
Get the most out of your purchase with our accessories,disguised_ad
Add our premium service for a better experience,disguised_ad
Save more with our subscription plan,disguised_ad
Add our protection plan for peace of mind,disguised_ad
Get our exclusive member discount,disguised_ad
Add our premium membership for exclusive benefits,disguised_ad
Complete your look with our matching accessories,disguised_ad
Customers who bought this also loved these items,disguised_ad
Enhance your experience with our Premium Plan,disguised_ad
Add screen protection – just $8.99,disguised_ad
Upgrade to the Pro version for unlimited access,disguised_ad
Don't miss out – add a 2-year warranty for $12,disguised_ad
Pair it with our best-selling case,disguised_ad
You might also need: HDMI cable $14.99,disguised_ad
Add a gift message and premium wrapping for $4.99,disguised_ad
Recommended for you: Extended Support Plan,disguised_ad
Make it a bundle and save even more!,disguised_ad
Complete your setup with these must-haves,disguised_ad
Add accident protection to your order,disguised_ad
Customers love pairing this with our charger kit,disguised_ad
Round out your purchase with our starter pack,disguised_ad
Save more when you add items to your cart,disguised_ad
Don't forget to protect your investment – add insurance,disguised_ad
Frequently bought together – add all three for a deal,disguised_ad
Boost your results with our premium add-on,disguised_ad
Get the most out of your device with AppleCare,disguised_ad
Personalize your order with a custom engraving – $9.99,disguised_ad
Add a spare battery for uninterrupted use,disguised_ad
Upgrade your plan to access exclusive features,disguised_ad
Get priority support by adding our service plan,disguised_ad
Maximize savings with our loyalty membership,disguised_ad
Try our premium subscription – first month on us,disguised_ad
Want to double your results? Add our booster pack,disguised_ad
Level up with our Pro Bundle – only $29.99 more,disguised_ad
Protect your purchase with our care plan,disguised_ad
You're almost set – just add our setup kit,disguised_ad
Recommended extras based on your selection,disguised_ad
Grab the accessories your peers swear by,disguised_ad
Add a backup option and never miss a thing,disguised_ad
Your purchase pairs perfectly with this add-on,disguised_ad
Complete protection bundle – $19.99,disguised_ad
Add our VIP membership for exclusive perks,disguised_ad
Extend your coverage for just a little more,disguised_ad
Most customers add this to their order,disguised_ad
Don't leave without our top-rated accessory,disguised_ad
One-click add: premium cleaning kit,disguised_ad
Get the full experience – upgrade now,disguised_ad
Customers also protect their purchase with our plan,disguised_ad
Add a spare and never run out,disguised_ad
Secure your purchase with theft protection,disguised_ad
Enhance performance with our premium upgrade,disguised_ad
Add-on offer: screen guard + case = $11.99,disguised_ad
We noticed you didn't add insurance – add it now,disguised_ad
Your neighbors are also buying this add-on,disguised_ad
Want the deluxe version? It's only $10 more,disguised_ad
Add our comfort kit for the perfect unboxing,disguised_ad
Stylish matching cover – only $6.99,disguised_ad
Free returns when you add our protection plan,disguised_ad
Expert assembly service – add for $15.99,disguised_ad
Top up your order with our travel pouch,disguised_ad
You'll love this with our extended handle add-on,disguised_ad
Premium packaging available – add for $3.99,disguised_ad
Gift-wrap and personalised note – $5.99,disguised_ad
This product works best with our recommended charger,disguised_ad
People often upgrade to the bundle – save 20%,disguised_ad
Add our care kit to keep your product like new,disguised_ad
Complete your wardrobe with these matching styles,disguised_ad
Customers add our storage bag 78% of the time,disguised_ad
Get the premium kit and skip the hassle,disguised_ad
Pair with our signature scent – add for $12,disguised_ad
Add our install guide and warranty pack,disguised_ad
Keep it fresh with our maintenance plan,disguised_ad
Add our training module for faster results,disguised_ad
Protect your device – add screen film $4.99,disguised_ad
Your cart isn't complete – add our must-have tool,disguised_ad
Customers love adding our exclusive member kit,disguised_ad
Add a premium stand to elevate your setup,disguised_ad
Boost your plan with unlimited cloud storage,disguised_ad
Include our premium filter set for best results,disguised_ad
Add our expert setup service to your order,disguised_ad
Frequently recommended: our backup power bank,disguised_ad
Secure checkout includes free identity protection trial,disguised_ad
Add our smart home bundle for seamless control,disguised_ad
Enjoy peace of mind – add product protection,disguised_ad
Get our seasonal care pack at a special price,disguised_ad
Your item will look perfect with our display stand,disguised_ad
Upgrade your subscription before checkout,disguised_ad
Customers suggest adding our travel adapter,disguised_ad
Add our starter kit for an even better experience,disguised_ad
Consider adding our express delivery upgrade,disguised_ad
Your device deserves our official carrying case,disguised_ad
Save time – add our auto-refill subscription,disguised_ad
Customers also grab our premium leather wallet,disguised_ad
Add our one-year cloud backup plan for $9.99,disguised_ad
Get our bundle and unlock exclusive features,disguised_ad
Try our new line – added to your cart for easy removal,disguised_ad
Exclusive member upgrade available at checkout,disguised_ad
Add our repair kit and you'll never be stuck,disguised_ad
Complete the experience with our instructional set,disguised_ad
Gift protection plan added – remove if not needed,disguised_ad
Select your complimentary upgrade option below,disguised_ad
Add our fragrance sampler for just $7.99,disguised_ad
Consider pairing with our award-winning tool,disguised_ad
Smart tip: add our refill pack and save 25%,disguised_ad
Your purchase qualifies for our care plan add-on,disguised_ad
Add our performance kit for maximum efficiency,disguised_ad
Grab our bundle while it's available,disguised_ad
Our team suggests adding the support kit,disguised_ad
Warranty registration kit – add for $2.99,disguised_ad
Add our daily-use essentials pack,disguised_ad
Complete your experience with our branded kit,disguised_ad
Get a special deal when you buy 3 or more,disguised_ad
Exclusive discount for members only,disguised_ad
Add our premium plan and save,disguised_ad
Upgrade to our VIP plan for more benefits,disguised_ad
Get a free gift with your purchase today,disguised_ad
Add our loyalty plan for exclusive rewards,disguised_ad
Get our best deal with our premium bundle,disguised_ad
Midnight sale — only 3 hours left to save 40%,fake_urgency
Warning: item popularity is rising fast,fake_urgency
Your size is nearly gone — grab it while you can,fake_urgency
2 units left — others are checking out right now,fake_urgency
Weekend deal ends in 04:22:11 — don't wait,fake_urgency
Price hike incoming — lock in today's rate,fake_urgency
You're one of 38 people viewing this product now,fake_urgency
Item trending: 560 purchases in the last hour,fake_urgency
Only this afternoon left to claim your discount,fake_urgency
Buy now — we can't promise stock by tomorrow,fake_urgency
Offer countdown: 00:55:00 remaining,fake_urgency
92% of this batch already claimed,fake_urgency
Double-check your cart — stock changes by the minute,fake_urgency
Your price protection window closes in 6 minutes,fake_urgency
This exact colour has only 1 left,fake_urgency
Winter sale closes permanently at midnight,fake_urgency
Hot pick — added to 204 wishlists today,fake_urgency
Don't delay — this bundle sells out every week,fake_urgency
Shoppers are grabbing this at a rate of 3 per minute,fake_urgency
Your deal timer: 00:29:58 and counting down,fake_urgency
We've sold 88% of today's allocation,fake_urgency
Claim before midnight or the price resets,fake_urgency
Last stock notice: replenishment not confirmed,fake_urgency
Hurry — checkout locks in your current price,fake_urgency
This item won't be available at this rate after today,fake_urgency
Offer valid for this visit only — act before you leave,fake_urgency
Critical update: stock level just dropped to 3,fake_urgency
Only a handful of units remain in our fulfilment centre,fake_urgency
Sale window: 1 day 2 hours 14 minutes left,fake_urgency
Time-limited deal — grab it before the clock runs out,fake_urgency
Alert: 17 people are waiting to buy this right now,fake_urgency
Your basket hold expires in 9 minutes,fake_urgency
We expect to sell out before end of day,fake_urgency
Final sale items — no restock planned,fake_urgency
Promotional rate active for 45 more minutes,fake_urgency
Sold 300 units today — nearly at our daily limit,fake_urgency
Your voucher expires tonight — use it or lose it,fake_urgency
Act within the next 12 minutes to keep this rate,fake_urgency
This item is flying off the shelves — order fast,fake_urgency
Scarcity notice: last confirmed units in this size,fake_urgency
Today's flash price disappears at 11:59 PM,fake_urgency
Tick tock — 34 minutes left in today's deal window,fake_urgency
Only available while our promotion is live,fake_urgency
Shoppers in your area are buying this quickly,fake_urgency
Our warehouse shows just 5 units available,fake_urgency
Promo closes at the top of the hour,fake_urgency
Don't miss the final markdown — ends soon,fake_urgency
Item demand is currently outpacing stock,fake_urgency
Rush checkout — someone just bought the last one,fake_urgency
Limited promo: 97 of 100 slots filled,fake_urgency
Your cart reservation is about to lapse,fake_urgency
This week only — disappears from sale on Sunday,fake_urgency
Closing sale event — hours remaining,fake_urgency
We added 20 units and they're going fast,fake_urgency
Secure this deal before the next price update,fake_urgency
Demand alert: restock timeline uncertain,fake_urgency
Flash window: 18 minutes to lock in savings,fake_urgency
Last available unit in this configuration,fake_urgency
Final chance: midnight deadline approaching,fake_urgency
Don't hesitate — stock is depleting in real time,fake_urgency
This item was just viewed by 74 shoppers,fake_urgency
Inventory warning: fewer than 10 units system-wide,fake_urgency
Your special rate disappears when you close this tab,fake_urgency
Only a limited number sold at this introductory price,fake_urgency
Grab it now — reorders will take 3 to 4 weeks,fake_urgency
Today's rate is the lowest it's been — expiring soon,fake_urgency
Time check: 2 hours and 3 minutes of the sale left,fake_urgency
Supply is tightening — prices expected to rise,fake_urgency
Exclusive window closing: complete your order,fake_urgency
We cannot hold this item in your cart beyond 8 minutes,fake_urgency
Item on the verge of selling out,fake_urgency
Promo code valid for the next 20 minutes only,fake_urgency
Hurry — 610 people visited this page today,fake_urgency
"Flash inventory drop: only 7 added, 4 remain",fake_urgency
This deal is live for members for 15 minutes,fake_urgency
Lock your price now — it refreshes at midnight,fake_urgency
Run — last chance before the sale ends,fake_urgency
LIVE STOCK: 2 remaining across all warehouses,fake_urgency
High-traffic item — availability not guaranteed,fake_urgency
Now or never: this edition won't be reprinted,fake_urgency
Popularity surge — expected to sell out by evening,fake_urgency
Your session rate expires in 11 minutes 44 seconds,fake_urgency
Final push — sale clock is ticking,fake_urgency
Order before 3 PM to hold today's price,fake_urgency
Only 3 items at the sale price — rest are full price,fake_urgency
Stock depleting faster than usual today,fake_urgency
This promo is set to expire — finish your purchase,fake_urgency
89 people bought this in the past 3 hours,fake_urgency
Deal of the hour — 52 minutes remain,fake_urgency
Your member price locks out in 4 minutes,fake_urgency
End-of-season clearance — quantities extremely limited,fake_urgency
Availability: critical — buy now to avoid missing out,fake_urgency
Don't get waitlisted — buy before it sells out,fake_urgency
Page-exclusive price — only active while you're here,fake_urgency
"Only a few at this markdown, then back to full price",fake_urgency
Running low: less than 5% of original stock left,fake_urgency
Hurry to checkout — another customer is eyeing this,fake_urgency
Item rarely in stock — this is your window,fake_urgency
Reminder: your saved price expires in under an hour,fake_urgency
This promotion resets after midnight — don't wait,fake_urgency
LAST UNIT ALERT: buy now or risk missing it,fake_urgency
Deal is live now — no guarantee it'll be here later,fake_urgency
Stock notice: item may sell out during your session,fake_urgency
Bestseller warning — nearly out of stock again,fake_urgency
This exact bundle won't be available past today,fake_urgency
Countdown active: 00:41:17 left on this offer,fake_urgency
6 people added this to their cart in the last hour,fake_urgency
Offer auto-expires once inventory threshold is reached,fake_urgency
Buyout risk: trending across multiple regions,fake_urgency
Your checkout window is active — it won't stay open long,fake_urgency
Only sold at this price until stock clears,fake_urgency
Deal ends at 6 PM sharp — 1 hour 12 minutes left,fake_urgency
"First-come, first-served — and the queue is growing",fake_urgency
Inventory countdown: 8 left and dropping,fake_urgency
"Limited edition: once sold, permanently discontinued",fake_urgency
Be quick — this item is going viral right now,fake_urgency
Promotion shutting down in 00:07:30,fake_urgency
We can confirm only 2 of your selected size remain,fake_urgency
Others are competing for the same item,fake_urgency
Quantity alert: we've lowered the reorder limit,fake_urgency
Final window: this batch ships this week only,fake_urgency
Stock check: availability dropped since you loaded this page,fake_urgency
URGENT STOCK NOTICE: only 1 left in your selected option,fake_urgency
Don't refresh — your price may not return,fake_urgency
Buy now — shipping rates increase after today,fake_urgency
Offer live until slots are filled — 9 remaining,fake_urgency
Don't let your cart item go to someone else,fake_urgency
Time-sensitive price: valid for this hour only,fake_urgency
We're warning you — this won't last the weekend,fake_urgency
Just 4 units left across all distribution centres,fake_urgency
Snooze and lose — this deal closes at midnight,fake_urgency
High reorder frequency: stock runs out every few days,fake_urgency
Availability alert: item may not be here on your next visit,fake_urgency
Customers are buying this every 90 seconds,fake_urgency
Order fast — our flash price is nearly over,fake_urgency
Only 3 of these left in your country,fake_urgency
Speed matters — your deal is time-locked,fake_urgency
This sale has a hard cut-off in under 2 hours,fake_urgency
We've dropped the price temporarily — it's going back up,fake_urgency
Your cart item is in demand — don't lose your spot,fake_urgency
Deal ending imminently — buy before it's gone,fake_urgency
Trending up: 1100 views in the last 30 minutes,fake_urgency
Promotional stock allocated — yours is running out,fake_urgency
Almost at sell-out — complete checkout to be safe,fake_urgency
Buy now: this price is only valid today,fake_urgency
Hold expiring — your item will re-enter general stock,fake_urgency
Seasonal availability — won't be back until next year,fake_urgency
Stock level: LOW — updated just now,fake_urgency
Offer closing — don't lose this exclusive rate,fake_urgency
Real-time demand is outpacing supply right now,fake_urgency
Final 15 units at this promo price,fake_urgency
Hurry — your personal price expires when you exit,fake_urgency
Popularity status: nearly sold out,fake_urgency
This is a one-day-only markdown — no extensions,fake_urgency
Stock update: 3 left as of this moment,fake_urgency
You're in a deal window — it's closing fast,fake_urgency
Last items from this production run,fake_urgency
Restock not confirmed — buy now to avoid disappointment,fake_urgency
Clock is running — 00:19:05 before price resets,fake_urgency
Item flagged: high-demand low-availability,fake_urgency
Act now — 28 other users are on this page,fake_urgency
Discounted rate active only through midnight,fake_urgency
Price-lock active for the next 7 minutes,fake_urgency
Hurry — 4 customers have this in their cart right now,fake_urgency
Time check: only 50 minutes left in today's promotion,fake_urgency
Selling faster than we can track — order now,fake_urgency
You're 1 click away before your deal disappears,fake_urgency
Flash availability: put in cart before it's gone,fake_urgency
We estimate this sells out in under 2 hours,fake_urgency
Limited to the first 200 customers — 188 claimed,fake_urgency
End-of-day pricing — resets at midnight tonight,fake_urgency
Buy before Thursday — price review scheduled,fake_urgency
Your deal code expires in 17 minutes,fake_urgency
We stopped restocking this — last chance to buy,fake_urgency
Competitor prices are rising — grab it here while low,fake_urgency
Slow down means sold out — hurry through checkout,fake_urgency
Checkout countdown: 00:05:00 before cart clears,fake_urgency
Last available in this finish,fake_urgency
Members are buying this 3x faster than usual today,fake_urgency
Stock red alert: immediate action recommended,fake_urgency
Your personalised price expires at end of session,fake_urgency
Demand spike detected — buy before price adjusts,fake_urgency
This is the last restock at this price point,fake_urgency
Flash deal activated — only minutes remaining,fake_urgency
Your discount lock will expire unless you check out now,fake_urgency
Once this page closes the price goes back up,fake_urgency
You have until the end of this session to claim savings,fake_urgency
Rapid sellout in progress — your unit is not guaranteed,fake_urgency
DEAL ALERT: expires in 00:22:40,fake_urgency
Today's allocation: 15 units — 12 already taken,fake_urgency
Shopping surge active — availability changing rapidly,fake_urgency
Lock in before our system refreshes at midnight,fake_urgency
Only 2 left at the discounted rate — full price after,fake_urgency
Don't delay order processing — slots are limited,fake_urgency
This item is selling 4x faster than normal today,fake_urgency
Price freeze ends in 3 minutes — complete now,fake_urgency
Weekend sale wraps up in under 90 minutes,fake_urgency
Exclusive pricing window — open for limited sessions only,fake_urgency
We're almost out — your order secures the last unit,fake_urgency
This batch won't be reproduced — buy before it's history,fake_urgency
Don't let someone else snap up your item,fake_urgency
Deal expiry notice: 1 hour 45 minutes remaining,fake_urgency
Live purchase feed: 3 sold in the last 5 minutes,fake_urgency
You're viewing a nearly sold-out product,fake_urgency
Hurry — promotional window shutting soon,fake_urgency
Your price guarantee is active for 10 more minutes,fake_urgency
Only 7 units left at this introductory price,fake_urgency
Inventory ticker: declining every few minutes,fake_urgency
First 50 orders get this price — 47 already placed,fake_urgency
Today's offer vanishes at 11:59 PM — don't risk it,fake_urgency
Timer started the moment you landed here,fake_urgency
This item becomes full-price after the next restock,fake_urgency
Buy now before your neighbour does — same-city demand is high,fake_urgency
Don't reload this page — your rate may not return,fake_urgency
Offer confirmed for this session only,fake_urgency
Selling out: 96% of inventory already gone,fake_urgency
Time is not on your side — complete checkout now,fake_urgency
Stock visible to you right now: 3 units,fake_urgency
Limited release: this run ends when units are gone,fake_urgency
Cart expires in 4 minutes — buy or lose your deal,fake_urgency
24-hour sale has less than 2 hours left,fake_urgency
Only available at this price for first-time buyers — act fast,fake_urgency
You've been shown this price once — it won't repeat,fake_urgency
"Sold out yesterday, back briefly today — hurry",fake_urgency
Price holds only if you complete checkout this session,fake_urgency
Customers are racing to buy this — don't fall behind,fake_urgency
Your exclusive offer has a ticking clock,fake_urgency
Demand is live and outpacing stock right now,fake_urgency
Step 1 done — finish before your timer runs out,fake_urgency
Limited promotional units — fewer than 12 left,fake_urgency
Don't think too long — this deal won't survive the hour,fake_urgency
Alert: this item's stock just dropped to critical levels,fake_urgency
We've had 3 sellouts this week — don't miss this one,fake_urgency
Final units available at this markdown,fake_urgency
Time-bound deal: expires when stock or timer hits zero,fake_urgency
Last opportunity to buy before next price adjustment,fake_urgency
Currently in 9 carts — only 2 units left,fake_urgency
Promotional period closing — make your move,fake_urgency
Your savings are one checkout away — don't stall,fake_urgency
Popularity rank: top 3 selling items today — going fast,fake_urgency
Don't gamble on availability — buy now and be sure,fake_urgency
Exclusive offer disappears in 00:08:19,fake_urgency
This listing may close before you return,fake_urgency
Act now — limited inventory release expires today,fake_urgency
FLASH SALE | LIMITED TIME ONLY Shop Now,fake_urgency
In demand - buy now or your item will go out of stock,fake_urgency
Hurry! Only 2 items left in stock,fake_urgency
1142 people have added to cart recently,fake_urgency
Limited Availability of the item in stock,fake_urgency
9 people are viewing this right now,fake_urgency
894 Claimed! Hurry only a few left!,fake_urgency
77 PEOPLE LIKED THIS PRODUCT IN A SHORT PERIOD OF TIME,fake_urgency
HURRY! EXCLUSIVE DEAL ONLY FOR YOU - Expires in 14:45,fake_urgency
Offer ends within a couple of hours,fake_urgency
This deal expires in 1 hour,fake_urgency
Only 5 left in stock - order soon,fake_urgency
Limited time offer - ends tonight,fake_urgency
Sale ends in 2 hours,fake_urgency
Only 3 left at this price,fake_urgency
This offer expires at midnight,fake_urgency
Last chance to buy at this price,fake_urgency
Selling fast - only 4 left,fake_urgency
Order now before it's too late,fake_urgency
Price increases tomorrow,fake_urgency
Only 3 left – order before it's gone!,fake_urgency
Deal expires in 00:47:22 – grab it now!,fake_urgency
Sale ends at midnight – shop before it's too late,fake_urgency
458 people are viewing this right now,fake_urgency
This item is in 312 carts – secure yours!,fake_urgency
Last chance – price goes up at 9 AM tomorrow,fake_urgency
Today only: extra 10% off – don't miss it,fake_urgency
Stock alert: running dangerously low,fake_urgency
Price increases after this session – act now,fake_urgency
873 sold today – only a few remain,fake_urgency
LIMITED STOCK – claim yours in the next 5 minutes,fake_urgency
Time is running out: 72 hours left in our sale,fake_urgency
Final hours of our biggest sale of the year,fake_urgency
Don't wait – 19 others are eyeing this item,fake_urgency
Exclusive deal – vanishes when the timer hits zero,fake_urgency
Flash deal: 55% off for the next 30 minutes,fake_urgency
Hurry – your price lock expires soon,fake_urgency
Your cart will be cleared in 10 minutes,fake_urgency
Almost gone: only 1 unit left at this price,fake_urgency
Act fast – this price won't last beyond today,fake_urgency
Demand is high – items are selling every 2 minutes,fake_urgency
Reserve now before someone else takes yours,fake_urgency
Lightning deal – 68% claimed hurry!,fake_urgency
We can only hold your cart for 15 more minutes,fake_urgency
Just 5 units available at this discounted price,fake_urgency
Your exclusive offer expires at midnight,fake_urgency
High-demand item – delays expected if you wait,fake_urgency
Only 2 of this size left in our warehouse,fake_urgency
LAST DAY of our clearance event – shop now!,fake_urgency
Selling out fast – 94% of stock gone,fake_urgency
This offer self-destructs in 01:12:45,fake_urgency
Don't let someone else get your item,fake_urgency
Tick tock – 22 minutes left to claim your deal,fake_urgency
Order now to guarantee delivery before the weekend,fake_urgency
People are buying this every 4 minutes,fake_urgency
You're about to lose your reserved spot,fake_urgency
Price jumps in 3 2 1 – lock it now,fake_urgency
Nearly sold out – act before it's too late!,fake_urgency
Special rate available for the next hour only,fake_urgency
Prices are about to reset – secure this deal,fake_urgency
Going fast: 211 units sold in the past hour,fake_urgency
Trending now – 1400+ orders placed today,fake_urgency
Limited release – once gone they're gone for good,fake_urgency
Your session discount expires in 8 minutes,fake_urgency
Final reminder: your 20% off coupon is expiring,fake_urgency
Only 6 seats left at this price,fake_urgency
URGENT: Your wishlist item is almost out of stock,fake_urgency
Book now – prices increase on midnight,fake_urgency
Alert: last item in your size available,fake_urgency
Demand surge detected – price may rise any moment,fake_urgency
48-hour sale – less than 6 hours remaining,fake_urgency
Claim now: only 11 promo slots left,fake_urgency
Stock refreshed 3 hours ago – almost depleted again,fake_urgency
This low price expires when you leave this page,fake_urgency
Today's deal ends in 02:14:09 – get it while hot,fake_urgency
Your early-bird discount is about to expire,fake_urgency
Limited batch – we won't be restocking soon,fake_urgency
Checkout timer active – complete your order now,fake_urgency
743 customers bought this in the last 24 hours,fake_urgency
Live stock count: 4 remaining – buy now,fake_urgency
Your discount code is only valid for 15 minutes,fake_urgency
Prices guaranteed only through end of today,fake_urgency
SOLD OUT WARNING: low inventory detected,fake_urgency
Trending item – 3200 views today alone,fake_urgency
Once this page closes this offer disappears,fake_urgency
Grab your item now – the waitlist is growing,fake_urgency
Seasonal deal closes permanently in 2 days,fake_urgency
This item was restocked 1 hour ago and 80% is gone,fake_urgency
Act now – we cannot guarantee this price tomorrow,fake_urgency
Final 10% of stock at this markdown,fake_urgency
We're down to the last few – don't delay,fake_urgency
Flash offer: 2 hours and 6 minutes remaining,fake_urgency
Your reserved item will be released in 12 minutes,fake_urgency
Price alert: expect a 15% rise after today,fake_urgency
Snag it before another buyer does,fake_urgency
Limited window: score this deal in the next hour,fake_urgency
Order within 9 minutes to keep your guaranteed price,fake_urgency
Don't snooze – this is genuinely running out,fake_urgency
Only available this weekend – ending Sunday night,fake_urgency
Real-time alert: 2 units left in your region,fake_urgency
Countdown to price reset: 00:38:51,fake_urgency
This exclusive deal is being watched by 527 shoppers,fake_urgency
Checkout now to secure the current price,fake_urgency
Offer valid while stocks last – and stocks are low,fake_urgency
Hot item: restocked twice today almost gone again,fake_urgency
Your timer has started – complete order to save,fake_urgency
Members-only price active for 20 more minutes,fake_urgency
Price lock expiring – confirm your cart now,fake_urgency
BREAKING: last-chance restock just released,fake_urgency
Reserve your unit before midnight or lose the deal,fake_urgency
This promo is live for today only – don't miss it,fake_urgency
Limited drop: 150 available 127 already taken,fake_urgency
Cart reservation expires in 7 minutes 30 seconds,fake_urgency
FLASH STOCK: added 50 units – nearly gone again,fake_urgency
Early access deal closes as soon as slots fill up,fake_urgency
Inventory running critically low – act immediately,fake_urgency
Your guaranteed shipping date depends on ordering now,fake_urgency
Final batch at this price – next restock will cost more,fake_urgency
Time-sensitive offer – disappears after you leave,fake_urgency
Selling at a rate of 1 every 90 seconds,fake_urgency
Don't miss out – your spot is being held for 5 mins,fake_urgency
Last few available in your preferred color,fake_urgency
Hurry! Checkout before your session expires,fake_urgency
Offer expires when timer reaches zero 00:14:22,fake_urgency
IMPORTANT: Stock status changed to CRITICAL,fake_urgency
You have 10 minutes to claim your personalised deal,fake_urgency
Final warning: your reserved price expires in 3 minutes,fake_urgency
Only 1 item left at this price – others are waiting,fake_urgency
Deal gone at midnight – 47 minutes remaining,fake_urgency
Your cart is about to expire – complete checkout now,fake_urgency
Item price $29.99 – fulfillment fee $4.99 – tax $2.70 – total $37.68,hidden_cost
Shipping calculated after you enter payment details,hidden_cost
Small order fee: $2.50 applied to orders under $20,hidden_cost
Cross-border handling charge: $8.75 added at checkout,hidden_cost
Subtotal $59.00 + carrier adjustment $6.50 + tax $5.31 = $70.81,hidden_cost
Online payment surcharge: 2.2% of transaction value,hidden_cost
Ticketing fee: $6.50 per ticket not shown in listed price,hidden_cost
Restocking fee of 15% deducted from all returns,hidden_cost
Extended warranty auto-added: $8.99/month – remove in cart,hidden_cost
Free to join – premium features billed at $11.99/month,hidden_cost
Delivery surcharge for remote postcodes: $9.99,hidden_cost
Advertised price $49 – final price after fees: $61.48,hidden_cost
Loyalty programme auto-enrolment: $4.99/month after 60 days,hidden_cost
Digital delivery fee: $1.99 per download,hidden_cost
Total $34.00 – after packaging surcharge: $37.49,hidden_cost
Club membership billed annually: $59.99 – auto-renews,hidden_cost
Price excludes GST – added at final checkout screen,hidden_cost
Non-member surcharge: $5.00 applied at checkout,hidden_cost
Service plan pre-enrolled: $6.49/month – opt out below,hidden_cost
Paper billing fee: $2.00/month if e-billing not selected,hidden_cost
Subscription $0 today – $15.99/month from day 31,hidden_cost
Rider safety fee: $1.85 added to every ride,hidden_cost
Advertised nightly rate $75 – cleaning fee $55 – total $130,hidden_cost
Priority bag handling: $12 pre-selected – deselect to remove,hidden_cost
Checkout total $22.00 + low-value order surcharge $3.50 = $25.50,hidden_cost
Pest control fee: $19/month auto-added to lease,hidden_cost
Technology fee: $3.99 per booking on all events,hidden_cost
Item $18.00 – courier handling $5.49 – tax $1.62 – order total $25.11,hidden_cost
Instalment plan fee: $2.50 per payment cycle,hidden_cost
Bandwidth overage charge: $10 per GB above plan limit,hidden_cost
Subscription renews at full rate: $34.99/month after promo,hidden_cost
Donation of $2 pre-ticked – uncheck before confirming,hidden_cost
Order protection plan: $4.49 – selected by default,hidden_cost
Gratuity of 20% pre-applied – tap to adjust,hidden_cost
Valet parking: $18/night not included in hotel quote,hidden_cost
Listed price $15 – mandatory service levy $3 – total $18,hidden_cost
Gas cylinder deposit: $25 collected at delivery,hidden_cost
Regulated airport improvement fee: $8.50 per flight,hidden_cost
Subtotal $44.99 + signature delivery $5.99 + tax $4.05 = $55.03,hidden_cost
Contract cancellation fee: $49 if cancelled before 6 months,hidden_cost
Itemised receipt: product $9.99 + packaging fee $1.50 + tax $1.04,hidden_cost
Handling fee $3.99 not visible until payment page,hidden_cost
Premium bandwidth add-on auto-enabled: $7/month,hidden_cost
Membership billed at $29.99/year – renews automatically,hidden_cost
Third-party logistics surcharge: $4.25 per shipment,hidden_cost
Subtotal $79.00 – assembly required fee $19.99 – tax $8.91 = $107.90,hidden_cost
Seat upgrade fee: $14 per leg automatically applied,hidden_cost
Cashback programme enrolment fee: $1.99/month,hidden_cost
Advertised $9.99/month – after promotional period: $19.99/month,hidden_cost
Ancillary charges disclosed only at final checkout,hidden_cost
Low-stock surcharge: $3.00 applied to high-demand items,hidden_cost
Your card will be charged upon trial expiry: $22.99/month,hidden_cost
Resort amenity fee: $18/night billed at property,hidden_cost
Order total $67.00 + non-standard size fee $8.00 = $75.00,hidden_cost
Compulsory travel insurance added: $14.99 per booking,hidden_cost
Activation charge: $25 applied to first invoice,hidden_cost
Item subtotal $12.49 + extended handling $2.99 + tax $1.39 = $16.87,hidden_cost
Per-transaction fee: $0.99 applied to every checkout,hidden_cost
Cold-chain delivery surcharge: $11.99 for perishables,hidden_cost
Membership auto-upgrades to paid tier after trial,hidden_cost
Cart total $38.00 + insurance levy $3.50 + tax $3.74 = $45.24,hidden_cost
Remote area delivery: additional $15.00 at dispatch,hidden_cost
Subscription locked in at $49.99/year – no proration on cancel,hidden_cost
Fuel and energy surcharge: $6.25 per delivery,hidden_cost
Currency exchange markup: 3.5% on international orders,hidden_cost
Listed fare $89 – taxes $21.40 – carrier-imposed charges $16 = $126.40,hidden_cost
Ticketed price $30 – venue restoration fee $4.50 – total $34.50,hidden_cost
Estimated customs duty: $12.80 not included in price,hidden_cost
Pre-selected travel protection: $9.99 – remove at checkout,hidden_cost
Subtotal $55.99 + rural delivery uplift $7.99 + tax $5.76 = $69.74,hidden_cost
Annual membership fee of $45 disclosed after sign-up,hidden_cost
Hazardous materials handling fee: $6.50 per applicable order,hidden_cost
Listed monthly rate $12 – billed annually: $144 upfront,hidden_cost
Item total $25.00 + packaging & materials $3.50 = $28.50,hidden_cost
Optional donation pre-ticked: $3 – deselect to skip,hidden_cost
Upfront installation charge: $49 not in advertised plan,hidden_cost
Expedited fulfilment fee: $7.99 pre-selected at checkout,hidden_cost
Beverage service charge: $5 per seat automatically added,hidden_cost
Subtotal $19.00 + peak-period surcharge $4.00 + tax $2.07 = $25.07,hidden_cost
Order total $48.00 – home delivery premium $6.50 = $54.50,hidden_cost
Pay-per-use charges apply after free-tier limit reached,hidden_cost
Subscription converts from free to $8.99/month on day 8,hidden_cost
Regulatory compliance fee: $2.75 per transaction,hidden_cost
Price shown before mandatory resort tax of $14/night,hidden_cost
App free to use – core features locked behind $5.99/month,hidden_cost
Freight forwarding fee: $18.00 not in listed price,hidden_cost
Delivery $0 advertised – carrier fee applied: $6.99,hidden_cost
Subtotal $31.49 + processing surcharge $2.80 + tax $3.10 = $37.39,hidden_cost
Minimum service fee: $8.00 applied to all small bookings,hidden_cost
Annual plan renews at $89 – no reminder sent before billing,hidden_cost
Price per item $7.99 – mandatory bag fee $0.10 – total $8.09,hidden_cost
Overnight storage fee: $5.00/day for uncollected parcels,hidden_cost
Advertised course price $199 – certificate fee $29 extra,hidden_cost
Hotel rate $110/night – city tax $9/night – not in listed price,hidden_cost
Mandatory event insurance: $5.75 per ticket,hidden_cost
Early redemption penalty: $15 on prepaid orders,hidden_cost
Subtotal $64.00 + out-of-area charge $10.00 + tax $6.66 = $80.66,hidden_cost
Premium packaging selected by default: $4.50 extra,hidden_cost
Seller platform fee: 3% of sale automatically deducted,hidden_cost
Pro tier auto-enabled: $16.99/month – downgrade in settings,hidden_cost
Referral programme opt-out fee waived only for first 90 days,hidden_cost
Subtotal $42.00 + dry-ice surcharge $5.00 + tax $4.23 = $51.23,hidden_cost
Advertised price $25 – order fulfilment fee $5.99 – tax $2.79 – total $33.78,hidden_cost
Toll bypass fee: $2.50 per applicable delivery route,hidden_cost
Identity verification fee: $1.50 applied at account creation,hidden_cost
Late delivery compensation waiver: $3.99 added by default,hidden_cost
Subscription plan shown at $0 – billing begins after onboarding,hidden_cost
Listed price $36.00 – marketplace surcharge $4.32 – tax $3.64 = $43.96,hidden_cost
Pet deposit: $150 collected at check-in not in nightly rate,hidden_cost
E-commerce packing materials fee: $1.99 per parcel,hidden_cost
Premium member access: $9.99/month enabled after free use,hidden_cost
Subtotal $28.50 + priority handling $3.99 + tax $2.96 = $35.45,hidden_cost
Itemised invoice: base $50 + regulatory levy $4.50 + GST $4.95,hidden_cost
Your first invoice includes a $20 setup fee,hidden_cost
Non-refundable booking administration charge: $7.50,hidden_cost
Subscription: 14-day free then $12.49/month automatically,hidden_cost
Takeaway container fee: $0.50 per item not shown on menu,hidden_cost
Fare $55.00 + demand pricing adjustment $12.00 = $67.00,hidden_cost
Member subscription auto-renewed: $39.99 deducted today,hidden_cost
Applicable duties and taxes collected at time of import,hidden_cost
Optional carbon offset: $1.75 pre-checked – uncheck to remove,hidden_cost
Listed room $95 – damage waiver $14 – occupancy tax $11.40 = $120.40,hidden_cost
Price $29 – mandatory fulfilment centre fee $5.50 – total $34.50,hidden_cost
Streaming plan: $0 for 7 days – $13.99/month thereafter,hidden_cost
Bank transfer fee: $4.00 for non-domestic payments,hidden_cost
Subtotal $17.99 + fragile-item handling $2.99 + tax $1.89 = $22.87,hidden_cost
Platform licensing fee: $3.50 applied to all digital orders,hidden_cost
Weight-based surcharge: $4.99 for orders over 5 kg,hidden_cost
Listing advertised at $0 – service access fee charged monthly,hidden_cost
Compulsory damage protection: $6.99/day on all rentals,hidden_cost
Item $22.00 + merchant processing fee $1.10 + tax $2.09 = $25.19,hidden_cost
Subscription reactivation charge: $9.99 after lapse,hidden_cost
Stadium facility charge: $3.50 not in ticket face value,hidden_cost
Checkout total $46.00 + cross-dock fee $5.50 + tax $4.61 = $56.11,hidden_cost
Advertised $1/month introductory – renews at $19/month,hidden_cost
Signature-required delivery: $5.99 pre-selected – opt out,hidden_cost
Seasonal adjustment surcharge: $3.25 applied in peak months,hidden_cost
Itemised receipt: goods $33 + booking levy $6 + VAT $7.80,hidden_cost
Late cancellation fee: $25 charged if cancelled within 24 hrs,hidden_cost
Advertised plan excludes add-on taxes billed separately,hidden_cost
Membership fee: $4.99/month begins after onboarding completes,hidden_cost
Home assembly service auto-added: $24.99 – remove if unwanted,hidden_cost
Subtotal $52.00 + insurance surcharge $5.20 + tax $5.14 = $62.34,hidden_cost
Card handling fee: 1.5% of total for credit card payments,hidden_cost
Free-to-download – core modules require $7.99/month licence,hidden_cost
Item $41.00 + non-standard packaging $3.00 + tax $3.96 = $47.96,hidden_cost
Auto-enrolled in rewards programme: $2.99/month after 30 days,hidden_cost
Itemised total: product $19.99 + carrier fuel levy $3.50 + tax $2.09,hidden_cost
Minimum delivery charge: $5.99 regardless of basket size,hidden_cost
Reservation fee: $10 charged upfront non-transferable,hidden_cost
Cleaning deposit: $75 held on card at vehicle collection,hidden_cost
Subtotal $38.99 + island delivery premium $12.00 + tax $4.30 = $55.29,hidden_cost
App subscription $0 for 30 days – $6.99/month auto-starts,hidden_cost
Checkout shows $59 – final total after all fees: $74.22,hidden_cost
Price shown net of VAT – gross amount charged at payment,hidden_cost
Subscription locked in – early exit fee $19.99 if cancelled,hidden_cost
Rush shipment surcharge: $18.99 not in advertised price,hidden_cost
Subtotal $27.00 + remote delivery fee $9.50 + tax $3.28 = $39.78,hidden_cost
Surcharge for split delivery: $4.99 applied automatically,hidden_cost
Advertised annual price – excludes mandatory onboarding fee $75,hidden_cost
Service level charge: $5.00 for standard support tier,hidden_cost
Listed $14.99 – applied fees at checkout: $19.74 total,hidden_cost
Your billing begins immediately upon account activation,hidden_cost
Order subtotal $33.00 + import clearance fee $7.75 = $40.75,hidden_cost
Hotel $85/night – tourist tax $4.50/night not in advertised rate,hidden_cost
Carrier-imposed security fee: $2.99 per parcel,hidden_cost
Plan price $19.99 – auto-scales to $29.99 after usage threshold,hidden_cost
Trial period ends: stored payment method charged $17.99/month,hidden_cost
Itemised: base fare $40 + peak surcharge $9 + tax $4.41 = $53.41,hidden_cost
Fragile handling fee: $3.75 added to applicable orders,hidden_cost
Oversized item freight: $34.99 not included in cart estimate,hidden_cost
Processing surcharge of $2.00 for all debit card transactions,hidden_cost
Subscription confirms at $0 – first real charge in 15 days,hidden_cost
Subtotal $61.00 + hazard compliance fee $4.00 + tax $5.85 = $70.85,hidden_cost
Monthly plan $9.99 – after 3 months converts to $14.99/month,hidden_cost
Concierge booking surcharge: $8.00 per assisted reservation,hidden_cost
Itemised total: hardware $49 + activation fee $10 + tax $5.31,hidden_cost
Delivery estimate $3.99 – actual charge calculated post-purchase,hidden_cost
Advertised room $70 – hotel service charge 12% – total $78.40,hidden_cost
Mandatory community maintenance fee: $15/month in listing,hidden_cost
Subtotal $23.49 + bulky-item levy $7.00 + tax $2.74 = $33.23,hidden_cost
Premium account unlocks at end of trial: $10.99/month charged,hidden_cost
Checkout: product $16.99 + carbon levy $1.50 + shipping $5.99 + tax $2.30,hidden_cost
Early bird price $99 – after event: full price $149 no refund,hidden_cost
Service agreement fee: $6.99 pre-selected at account creation,hidden_cost
Itemised: item $28 + collection point surcharge $2.50 + tax $2.75,hidden_cost
Annual licence fee: $120 billed upfront not shown in monthly quote,hidden_cost
Non-standard address surcharge: $6.00 added at dispatch,hidden_cost
Your promotional rate expires – standard rate $24.99 applies,hidden_cost
Mandatory tip suggestion: 22% pre-filled at checkout,hidden_cost
Ticket $20.00 – transaction fee $4.00 – print fee $1.50 = $25.50,hidden_cost
Subtotal $36.00 + last-mile delivery premium $8.00 + tax $3.96 = $47.96,hidden_cost
Trial converts to annual plan: $99 charged on day 15,hidden_cost
Listed price before applicable transaction levies,hidden_cost
Subtotal $50.00 + postal insurance $4.50 + customs fee $6.00 + tax $5.45,hidden_cost
Pay-as-you-go overage: $0.15 per unit beyond free allocation,hidden_cost
Itemised receipt: base $45 + facility fee $7 + surcharge $3 + tax $4.95,hidden_cost
Cleaning fee: $40 per stay disclosed only at payment screen,hidden_cost
Advertised weekly price – excludes $25 administration charge,hidden_cost
Reservation deposit: $30 deducted from refund if cancelled,hidden_cost
Listed $8.99 – mandatory regulatory compliance fee $1.25 – total $10.24,hidden_cost
Priority customer lane: $4.99 pre-enabled – remove before paying,hidden_cost
Trip total $38 + dynamic demand fee $7 + tip suggestion $5.70 = $50.70,hidden_cost
Subscription downgrade triggers $10 fee applied immediately,hidden_cost
Itemised: product $29.99 + eco-packaging surcharge $2.00 + tax $2.88,hidden_cost
Advertised monthly cost – excludes metered usage fees,hidden_cost
Platform fee of 8% applied to all seller payouts,hidden_cost
Room price $120 – mandatory breakfast charge $18 = $138/night,hidden_cost
Annual renewal at $79 processed automatically on anniversary,hidden_cost
Order total $40 + non-local fulfilment fee $5.50 + tax $4.06 = $49.56,hidden_cost
Optional priority support: $5.99/month auto-added to business plan,hidden_cost
Credit card transaction fee: $1.50 flat rate per order,hidden_cost
Advertised price $55 – final amount after surcharges: $66.99,hidden_cost
Hotel rate $99 – energy surcharge $6/night – parking $15/night,hidden_cost
Listed: $12.99 – with auto-enrolled protection plan: $16.98,hidden_cost
Subscription $0 – usage beyond free tier billed at $0.05/unit,hidden_cost
Itemised checkout: item $35 + distant warehouse fee $6 + tax $3.65,hidden_cost
Marketplace listing fee: $2.99 deducted from proceeds,hidden_cost
Subtotal $53.00 + priority delivery $9.99 + documentation fee $2.50 + tax $5.94,hidden_cost
Mandatory festival levy: $3.00 per head not in advertised price,hidden_cost
Service charge: 10% added to all bills automatically,hidden_cost
Itemised: item $22 + special handling $4.50 + fuel offset $1.75 + tax $2.53,hidden_cost
Listed rate – additional charges disclosed in booking confirmation email,hidden_cost
Your trial ends silently – card charged $13.99 without notice,hidden_cost
Mandatory delivery signature fee: $3.50 per applicable parcel,hidden_cost
Advertised cost does not include applicable sales tax,hidden_cost
Fee disclosed: $4.99 processing charge added at final step,hidden_cost
Monthly invoice includes regulatory access fee: $1.99,hidden_cost
Subtotal $29.00 + premium box handling $3.99 + tax $2.91 = $35.90,hidden_cost
Plan auto-renews at $59.99 – cancel before renewal date to avoid charge,hidden_cost
Expedited customs processing: $9.50 applied to all imports,hidden_cost
Itemised: licence $39 + mandatory support levy $5 + tax $3.96,hidden_cost
Advertised room $65 – utility fee $8/night – linen charge $5/night,hidden_cost
Membership converts: free to $7.99/month after 45-day period,hidden_cost
Checkout total $27 + distance-based surcharge $5 + tax $2.88 = $34.88,hidden_cost
Subtotal $44 + mandatory donation to offset emissions $2 + tax $4.14,hidden_cost
Non-standard payment method fee: $3.00 for e-wallets,hidden_cost
Delivery to PO box: additional $4.99 not in standard quote,hidden_cost
Itemised: item $18 + cold storage surcharge $4.50 + tax $2.03,hidden_cost
Annual plan $0 today – $119 billed on day 30,hidden_cost
Club auto-enrolment: $3.99/month after promotional period,hidden_cost
Mandatory event setup charge: $12 per booking not advertised,hidden_cost
Booking total: $75 + non-refundable booking fee $9.99 = $84.99,hidden_cost
Subtotal $31 + extended returns handling $2.99 + tax $3.06 = $37.05,hidden_cost
Shipping Insurance Remove Insurance,hidden_cost
After 1 year subscription auto-renews with fee,hidden_cost
Enjoy FREE shipping with Advantage membership - fee applies after trial,hidden_cost
Purchase protection added to your order,hidden_cost
Hugs and Kisses Rose Bouquet $44.99 - Delivery $13.99 - Tax $3.46 - Item Total $55.69,hidden_cost
Be part of VIP Benefits - Join today for just $1.99 your first year then $14.99/month,hidden_cost
Merchandise: $69.99 - Service Charge: $14.99 - Total Before Tax: $84.98 - Estimated Tax: $5.63 - Order Total: $90.61,hidden_cost
Free 60-day VIP trial membership with this order - Cancel anytime,hidden_cost
Order Subtotal $19.99 - Standard Delivery $12.99 - Care & Handling $2.99 - Tax $2.38 - Total $38.35,hidden_cost
This app is free to download but requires a premium account to use,hidden_cost
Estimated import fees deposit,hidden_cost
Subtotal $26.10 - Shipping & handling $5.98 - Total before tax $32.08 - Estimated tax $2.24 - Order Total $34.32,hidden_cost
Shipping charge of $2.99 applies,hidden_cost
Product(s): $14.98 - Shipping and Handling: $7.99 - Tax: $0.72 - Order Total: $23.69,hidden_cost
Booking fees apply,hidden_cost
A $1.00 donor support fee will be added to cover processing costs,hidden_cost
Extra costs may apply for international deliveries,hidden_cost
Ticket Price $10.00 - Service Fee $3.75 - Order Processing Fee $2.00,hidden_cost
This product requires a paid subscription to use,hidden_cost
Free trial for 30 days then $9.99/month,hidden_cost
Subtotal $49.99 - Delivery $8.99 - Tax $4.32 - Total $63.30,hidden_cost
Price shown excludes delivery – calculated at checkout,hidden_cost
Membership fee applies after trial period,hidden_cost
Auto-renewal enabled – manage in account settings,hidden_cost
Booking fee of $4.99 added at checkout,hidden_cost
Service fee: $3.50 applied at checkout,hidden_cost
Convenience charge: $2.99 added to your total,hidden_cost
Resort fee: $29/night not included in advertised rate,hidden_cost
Booking fee: $7.99 – required to complete purchase,hidden_cost
Your free trial converts to $19.99/month automatically,hidden_cost
Premium membership auto-added – cancel anytime,hidden_cost
Fuel surcharge: $11.45 applied to your order,hidden_cost
Environmental levy: $1.25 per item at checkout,hidden_cost
Price shown excludes taxes – final total varies,hidden_cost
Subtotal $24.99 + handling $4.50 + tax $2.87 = $32.36,hidden_cost
Annual renewal at $89.99 – billed automatically,hidden_cost
Delivery estimate: $14.99 – calculated at next step,hidden_cost
Processing fee of $5.99 added for all card payments,hidden_cost
Listed price $39 – after mandatory add-ons: $54.47,hidden_cost
Security deposit of $50 charged at booking refundable,hidden_cost
Subscription will auto-renew – manage in settings,hidden_cost
Baggage fee: $35 per bag not included in fare,hidden_cost
Administration fee: $9.99 added at checkout,hidden_cost
Platform fee: $4.50 applied to all transactions,hidden_cost
Mandatory gratuity of 18% added to dining bill,hidden_cost
Fare $120 + airport taxes $43.80 + carrier fees $18 = $181.80,hidden_cost
Your plan renews at $24.99/month after 30-day trial,hidden_cost
Handling and insurance fee: $6.99,hidden_cost
Third-party fulfillment fee: $3.25,hidden_cost
Price does not include destination charge: $1295,hidden_cost
Express processing fee: $8.00 required,hidden_cost
Carrier surcharge: $5.99 per order,hidden_cost
Auto-ship subscription added to your account,hidden_cost
White glove delivery: $49.99 – pre-selected for you,hidden_cost
Early termination fee applies if cancelled before 12 months,hidden_cost
Optional tip added at 20% – adjust below,hidden_cost
Membership fee of $12.99/month begins after free period,hidden_cost
Order total $55.00 + delivery $9.99 + tip suggestion $8.25,hidden_cost
CO2 offset fee: $2.00 pre-checked – uncheck to remove,hidden_cost
Data backup plan auto-enrolled – $4.99/month,hidden_cost
Return shipping fee: $6.99 deducted from refund,hidden_cost
Currency conversion fee: 2.5% added by payment processor,hidden_cost
Ticket price $45 – service fee $12 – facility charge $4.50,hidden_cost
Parking not included – $20/day billed separately,hidden_cost
Rush order surcharge: $14.99,hidden_cost
Your order includes a pre-selected care plan at $7.99/month,hidden_cost
Subscription upgrade triggered – confirm to proceed,hidden_cost
Seat selection fee: $9 per seat per flight,hidden_cost
Gift card activation fee: $4.95,hidden_cost
Priority queue fee: $3.99 pre-added to your booking,hidden_cost
Donation of $1 added to your total – uncheck to remove,hidden_cost
Free plan ends – credit card will be charged $14/month,hidden_cost
Delivery window guarantee: $4.99 optional pre-selected,hidden_cost
Subtotal $99 – after mandatory assembly fee: $119,hidden_cost
Cleaning fee: $85 not shown in nightly rate,hidden_cost
Internet fee: $15/night added at resort checkout,hidden_cost
Meal plan auto-enrolled – $29.99/week cancel anytime,hidden_cost
Checkout fee: $2.49 for non-members,hidden_cost
Surcharge for card payments: 1.8% of total,hidden_cost
Order protection: $3.99 – pre-selected click to remove,hidden_cost
Scheduled delivery fee: $6.50 – added automatically,hidden_cost
Renewal notice: plan extends at $99/year on your card,hidden_cost
Flight total $210 + checked bag $60 + meal $12 = $282,hidden_cost
VIP shipping pre-added: $7.99 – downgrade for free,hidden_cost
Taxes and fees not shown until final checkout screen,hidden_cost
Community contribution: $1.50 added to cart by default,hidden_cost
Account maintenance fee: $2.99/month after 90 days,hidden_cost
Subscription trial converts – your card will be charged,hidden_cost
Base price $30 – service charge $8 – tip 20% = $46,hidden_cost
Premium listing fee: $9.99 pre-checked in seller settings,hidden_cost
Insurance premium: $5.50/month auto-enrolled,hidden_cost
Recycling fee: $2.29 per electronic device,hidden_cost
Priority fulfillment: $6.99 – selected by default,hidden_cost
Minimum booking fee: $10 applied to all reservations,hidden_cost
Out-of-network surcharge: $25 billed after service,hidden_cost
Inactivity fee: $5/month if no activity for 12 months,hidden_cost
Hotel rate $89 – amenity fee $22 – taxes $15.30 = $126.30,hidden_cost
Same-day processing: $11.99 – pre-checked for speed,hidden_cost
Renewal alert: $49.99 charged on anniversary date,hidden_cost
Your free credits expire – paid plan activates tomorrow,hidden_cost
Order confirmation fee: $1.99 per transaction,hidden_cost
Estimated $14.99 shipping not included in shown price,hidden_cost
Late checkout fee: $30 if departing after 11 AM,hidden_cost
Fuel adjustment fee: $8.50 added to delivery orders,hidden_cost
Extended returns plan: $3.99/month – auto-enrolled,hidden_cost
Plan price: $9.99/month – renews annually at $119.99,hidden_cost
Venue service charge: 15% applied to all ticket orders,hidden_cost
Total before added fees: $39.99 – total after: $54.72,hidden_cost
Subscription to newsletter triggers paid content access,hidden_cost
Print-at-home fee: $2.50 per ticket,hidden_cost
Taxes fees and charges may apply – see at final step,hidden_cost
Your account trial ended – monthly billing has begun,hidden_cost
App purchase: $0.99 – in-app content: $4.99–$49.99,hidden_cost
Mandatory tipping option pre-set at 18%,hidden_cost
Overnight delivery $24.99 pre-selected – change to free,hidden_cost
Concierge fee: $12 per booking non-refundable,hidden_cost
Starter kit fee: $14.99 deducted from first shipment,hidden_cost
Toll charges not included in quoted ride price,hidden_cost
Order handling fee: $4.00 applied regardless of cart size,hidden_cost
Activation fee: $35 not shown in advertised plan price,hidden_cost
Freight charge: $22.50 for oversized items,hidden_cost
Premium support: $6.99/month auto-added to account,hidden_cost
Marketplace fee: 5% of order value added at checkout,hidden_cost
Platform service charge: $3.75 for all digital purchases,hidden_cost
Taxes and applicable fees calculated in final step only,hidden_cost
Your free membership converts to paid on renewal date,hidden_cost
Maintenance fee: $9.99 billed quarterly,hidden_cost
Invoice total $45 + late payment fee $7.50 = $52.50,hidden_cost
Subtotal $19.99 + delivery $8.99 + small-order fee $3.99 = $32.97,hidden_cost
Priority processing fee: $4.99 pre-selected at checkout,hidden_cost
Service charge of $6.50 applied to all reservations,hidden_cost
Taxes and fees not shown in advertised price – added at final step,hidden_cost
Select your size using the dropdown menu on the product page.,normal
"This item is available in three colours: black, white, and navy.",normal
Add a note to your order if you have special delivery instructions.,normal
Your order will be packed and dispatched within one business day.,normal
We accept returns on unused items in their original packaging.,normal
Log in to your account to view your full order history.,normal
Delivery is available to all mainland addresses.,normal
This product is not available for international shipping.,normal
You can apply only one promotional code per order.,normal
Product images are for illustration purposes only.,normal
Please read all care instructions before washing this item.,normal
Your email address is used only for order communications.,normal
We currently ship to 45 countries worldwide.,normal
Your order summary has been sent to your registered email.,normal
Standard delivery takes 2 to 4 working days.,normal
This item cannot be returned once opened for hygiene reasons.,normal
Sign in or create an account to save items to your wishlist.,normal
Prices may vary by region due to local taxes.,normal
All weights listed are approximate.,normal
Your account details can be updated at any time in Settings.,normal
Colour may vary slightly from screen to screen.,normal
We'll send tracking updates to your email as your order moves.,normal
This product is sold by weight – final price confirmed at dispatch.,normal
Contact our returns team to initiate an exchange.,normal
Our delivery partners do not deliver on Sundays.,normal
Orders placed after 3 PM will be processed the next business day.,normal
You can choose between standard and express shipping at checkout.,normal
All product descriptions are written by our in-house team.,normal
This size runs small – we recommend ordering one size up.,normal
We reserve the right to cancel orders affected by pricing errors.,normal
Your invoice will be included in your delivery package.,normal
Bulk discounts are available – contact us for a quote.,normal
This item qualifies for free standard shipping.,normal
We do not accept responsibility for lost parcels reported after 30 days.,normal
Payment will be taken when your order is confirmed.,normal
Customers in Scotland and Northern Ireland may experience longer delivery times.,normal
Product weight: 450 g. Dimensions: 20 x 15 x 5 cm.,normal
This listing covers one unit only.,normal
All gift wrapping orders include a plain envelope for your message.,normal
You can track your return using the label we provide.,normal
Our exchange policy applies to items of the same or lower value.,normal
Please allow extra time for deliveries during public holidays.,normal
We do not store your full card number on our servers.,normal
Product availability is updated every 30 minutes.,normal
Customised items may take an additional 2 to 3 business days.,normal
You'll need to create an account to complete your purchase.,normal
We charge only for what you order – no hidden extras.,normal
Your delivery window will be confirmed by the courier.,normal
This product is compatible with models listed in the description.,normal
Order confirmation will appear on-screen and be sent by email.,normal
Items in your cart are not reserved until checkout is complete.,normal
We will contact you if any item in your order is unavailable.,normal
Next-day delivery orders must be placed before 1 PM.,normal
Our live chat is available during business hours only.,normal
This product has a minimum order quantity of two.,normal
All electrical items comply with relevant safety regulations.,normal
Refunds are returned to the original payment method.,normal
"We partner with Royal Mail, DPD, and Hermes for deliveries.",normal
Please retain your proof of purchase for any warranty claims.,normal
Subscription changes take effect from the next billing cycle.,normal
We clearly identify guest checkout as an option on the login page.,normal
Your basket will be cleared after 24 hours of inactivity.,normal
Delivery to PO boxes is not available for oversized items.,normal
All reviews shown have been submitted by verified buyers.,normal
Discount codes cannot be applied to sale items unless stated.,normal
We display the full price breakdown before you confirm payment.,normal
Our product team updates listings when specifications change.,normal
This warranty does not cover accidental damage.,normal
We aim to respond to all support queries within one business day.,normal
Your order can be cancelled before it reaches the packing stage.,normal
Free standard shipping applies to orders over £40.,normal
We ship orders Monday to Friday excluding bank holidays.,normal
A signature may be required upon delivery of high-value items.,normal
Your card will not be charged until your item is ready to ship.,normal
You can access your digital purchase from My Account immediately.,normal
Returns must be initiated within 28 days of receipt.,normal
We list all product allergens in the product details section.,normal
Gift messages are printed and included inside the package.,normal
All listings show stock availability in real time.,normal
Subscription plans can be changed or cancelled before renewal.,normal
We email a dispatch notification with your tracking number.,normal
Estimated delivery dates are shown before you place your order.,normal
Physical gift cards are posted by standard mail within 2 days.,normal
Your order may be split across multiple parcels if needed.,normal
We follow GDPR guidelines for all customer data.,normal
Seller ratings and response times are visible on each listing.,normal
You can request a VAT invoice from your order history page.,normal
Product dimensions are listed in both metric and imperial units.,normal
We do not share your details with marketing third parties.,normal
Delivery to highlands and islands may incur additional time.,normal
Your account balance can be topped up at any time.,normal
This product is not suitable for children under 3 years old.,normal
"We accept PayPal, Visa, Mastercard, and bank transfer.",normal
All subscription pricing is shown inclusive of tax.,normal
A returns label is included in every order.,normal
We confirm your dispatch by email and SMS if registered.,normal
Items purchased on sale are eligible for exchange only.,normal
We do not charge a fee to cancel your order before dispatch.,normal
Click the product image to zoom in for detail.,normal
Your session will time out after 30 minutes of inactivity.,normal
All featured products meet our quality standards.,normal
You can add or remove items from your order up to 30 minutes after purchase.,normal
This item is dispatched from our warehouse in Leeds.,normal
Please measure carefully before ordering – we cannot accept returns on cut-to-size items.,normal
Your account email can be changed under Security Settings.,normal
We clearly label products that contain allergens.,normal
Parcels are tracked from dispatch to doorstep.,normal
Your subscription includes unlimited access with no usage caps.,normal
We use tamper-evident packaging for food and health products.,normal
All our delivery partners are instructed not to leave parcels unattended.,normal
You can provide delivery instructions when checking out.,normal
This product is sold as a set of two.,normal
We restock popular items every two weeks.,normal
All fees are shown in your local currency.,normal
Your login session is protected with 256-bit encryption.,normal
We do not charge for standard returns from UK addresses.,normal
Your order status is updated in real time in your account.,normal
Please check your item on arrival and report damage within 48 hours.,normal
We clearly mark which delivery options are free.,normal
A summary of your purchase is saved under Past Orders.,normal
Delivery estimates do not account for customs delays.,normal
You can choose your preferred contact method in account settings.,normal
All payment links on this site use HTTPS.,normal
This product ships in plastic-free packaging.,normal
Your cart is synced across your devices when logged in.,normal
We list the country of origin on all product pages.,normal
You will be asked to confirm your order before we process payment.,normal
This product is currently on backorder – expected in 10 days.,normal
We send a weekly order digest if you have active subscriptions.,normal
Returns received after 30 days may not be accepted.,normal
All warranty claims are handled directly by our support team.,normal
Prices shown on the homepage reflect today's active promotions.,normal
Your order is eligible for collection at our Manchester store.,normal
We notify you by email if a delivery attempt is unsuccessful.,normal
This item is compatible with the accessories listed below.,normal
We use only fully recyclable outer packaging.,normal
Your loyalty points balance is shown on the checkout screen.,normal
This product is listed in units – select quantity before adding to cart.,normal
We display both the unit price and pack price clearly.,normal
All electronics come with a standard one-year manufacturer warranty.,normal
Delivery charges are calculated based on weight and destination.,normal
You can save multiple delivery addresses to your account.,normal
This product contains latex – please check before purchasing if you have allergies.,normal
We update delivery time estimates in bad weather conditions.,normal
All confirmed orders receive an automated acknowledgement email.,normal
We do not require account creation for guest purchases.,normal
Please retain the outer packaging until you have inspected your item.,normal
Our website is accessible on all modern browsers and screen readers.,normal
You can apply a student discount code at the payment screen.,normal
All product weights include packaging for shipping purposes.,normal
We show customer Q&A on each product page for transparency.,normal
Your order number is shown at the top of your confirmation email.,normal
This listing includes installation instructions in the box.,normal
We offer a 30-day no-fault return policy on all hardware.,normal
Your details will not be used for marketing without your consent.,normal
A digital receipt is emailed to you immediately after payment.,normal
We process refunds in the order they are received.,normal
This item is shipped in protective outer packaging to prevent damage.,normal
Delivery is free when you spend over £50 in a single transaction.,normal
You can change your delivery address before your order is dispatched.,normal
We send a pre-delivery notification the morning of your delivery day.,normal
This product is food-grade certified and safe for kitchen use.,normal
Your free trial begins on the date you create your account.,normal
We accept prepaid debit cards for all online purchases.,normal
All listed sale prices reflect a genuine reduction from the previous price.,normal
Your order is backed by our buyer protection policy.,normal
We clearly display the expiry date for all promotional codes.,normal
"Phone support is available Monday to Friday, 9 AM to 5 PM.",normal
All items are checked before dispatch from our fulfilment centre.,normal
Your subscription renewal date is shown in your account dashboard.,normal
We offer same-day dispatch on orders placed before noon.,normal
This product requires assembly – instructions are included.,normal
We do not show out-of-stock items as available for purchase.,normal
Your billing history is downloadable as a PDF from your account.,normal
We include a packing slip with every order for your records.,normal
All prices are fixed and not subject to negotiation.,normal
You can leave a review once your order is marked as delivered.,normal
We ship Monday to Saturday with Sunday excluded.,normal
This product's safety data sheet is available on request.,normal
Your account password must be at least 8 characters long.,normal
We label all sponsored content clearly.,normal
Your order may be subject to customs inspection.,normal
Free returns are available via any of our drop-off points.,normal
We list compatible models clearly on all accessory pages.,normal
You can reorder previous purchases with one click from Order History.,normal
All sellers on our platform are verified before listing.,normal
Your parcel will be delivered to the address entered at checkout.,normal
We send a satisfaction survey 7 days after delivery.,normal
This product is covered by a 2-year extended warranty.,normal
All subscription changes are confirmed by email.,normal
We do not display out-of-region prices to avoid confusion.,normal
Your return will be collected from your stated address within 3 days.,normal
We list all known defects on open-box or refurbished items.,normal
Checkout is protected by verified SSL certificate.,normal
This item is dispatched in its original manufacturer packaging.,normal
We include a QR code in the box linking to setup instructions.,normal
All prices reflect current stock and may change with availability.,normal
Your account can manage up to 5 saved delivery addresses.,normal
We show real-time ratings on all product pages.,normal
This item is listed per piece – please select your quantity.,normal
We send a dispatch confirmation within 1 hour of packing.,normal
All our warehouses operate Monday to Friday.,normal
Your purchase history is used only to improve your shopping experience.,normal
We provide full contact details on our About Us page.,normal
This product is manufactured in compliance with EU standards.,normal
Your parcel will require a signature if valued over £100.,normal
We display last-updated timestamps on all product pages.,normal
All taxes and duties are calculated automatically based on location.,normal
You can view all active promotions on our Offers page.,normal
We clearly indicate items that ship from overseas.,normal
Your order includes a 60-day satisfaction guarantee.,normal
All payment confirmations are sent instantly by email.,normal
We publish our full returns policy on a dedicated page.,normal
This item is not eligible for next-day delivery due to size.,normal
You can update your marketing preferences at any time.,normal
We clearly state which products are final sale.,normal
Your saved card details are held securely by our payment processor.,normal
We show a live estimated delivery date on each product page.,normal
All allergen information is confirmed with our suppliers quarterly.,normal
You can access all your past invoices from your account.,normal
We indicate clearly when a promotion is for new customers only.,normal
This product's dimensions are confirmed in the listing below the images.,normal
Your feedback helps us improve – we read every review.,normal
We show you the total cost including delivery before payment.,normal
All our packaging materials are 100% recyclable.,normal
Your account activity log is available under Security settings.,normal
We accept returns by post or in-store at any branch.,normal
"All standard orders are delivered in plain, unmarked packaging.",normal
You can select your preferred language at the top of the page.,normal
We notify you before making any changes to your plan or price.,normal
This product ships with all required hardware included.,normal
Your order will be ready for collection within 2 hours of placing it.,normal
To start your return click the following button and add your return details. You will receive an email with shipping instructions.,normal
We cannot guarantee door to door delivery for customers in remote areas. You may need to collect from your nearest freight depot.,normal
International Shipping Policy - rates vary by destination,normal
Use a clean vase and fresh water for best results,normal
A customer service specialist will contact you soon,normal
newsletter signup - see privacy policy for details,normal
Your shopping bag is empty,normal
Pick the price that matches your budget,normal
Shop Dresses by Occasion,normal
Choose your payment day and view your schedule,normal
This is an online only product,normal
We are not responsible for delays caused by customs,normal
Prices shown are in US dollars,normal
All orders are subject to product availability,normal
Please allow 3-5 business days for delivery,normal
Your order has been received,normal
Thank you for your purchase,normal
Your account has been created,normal
Please check your email for confirmation,normal
Your password has been reset,normal
Your order has been confirmed. A receipt has been sent to your email.,normal
Free standard shipping on all orders over $50.,normal
Returns accepted within 30 days – no questions asked.,normal
Estimated delivery: 3–5 business days.,normal
Your password was changed successfully.,normal
You can cancel your subscription at any time from Settings.,normal
Track your order using the link in your confirmation email.,normal
All prices shown include applicable taxes.,normal
Shipping cost will be displayed before you complete your purchase.,normal
Your cart has been saved for 7 days.,normal
We'll send you a reminder before your trial ends.,normal
No credit card required to start your free trial.,normal
Your data is protected under our privacy policy.,normal
Contact us at support@example.com for help.,normal
Refunds are processed within 5–7 business days.,normal
Delivery to remote areas may take additional time.,normal
Please review your order details before confirming.,normal
You will receive an email once your item ships.,normal
Our customer support team is available 24/7.,normal
Your subscription will renew on March 15 2026 at $9.99/month.,normal
Free returns on all clothing and footwear orders.,normal
Payment is processed securely via Stripe.,normal
Select your preferred delivery date at checkout.,normal
All fees and taxes are displayed before payment.,normal
You can update your address in your account settings.,normal
We do not sell your personal information to third parties.,normal
Loyalty points expire 12 months after they are earned.,normal
Subscribe to our newsletter for updates – unsubscribe anytime.,normal
Check the size guide before placing your order.,normal
Gift cards are valid for 3 years from the date of purchase.,normal
Your session is secure. Look for the padlock icon in your browser.,normal
For bulk orders contact our sales team for a quote.,normal
Loyalty points will be credited within 48 hours of delivery.,normal
You've earned 150 points on this purchase.,normal
Read our full return policy before initiating a return.,normal
This product ships from our UK warehouse.,normal
Choose between standard express or next-day delivery.,normal
All subscription tiers include a 14-day free trial.,normal
We accept Visa Mastercard PayPal and Apple Pay.,normal
Your receipt is available under Order History in your account.,normal
Download the app to track your delivery in real time.,normal
Promotional code applied – $10 off your order total.,normal
Your billing address has been updated.,normal
Please check your spam folder if you don't see our email.,normal
We notify you at least 7 days before any subscription renewal.,normal
Product dimensions and weight are listed on the product page.,normal
For accessible shopping support call our helpline.,normal
We use your location only to show relevant delivery options.,normal
Your account is protected with two-factor authentication.,normal
You'll receive a survey after delivery to share your feedback.,normal
Items marked In Stock are ready to ship within 1 business day.,normal
Unsubscribe from marketing emails at the bottom of any email.,normal
Our warehouse is closed on public holidays – this may affect delivery.,normal
Product reviews are verified purchases only.,normal
We'll always show the total cost before asking for payment.,normal
Your order can be modified up to 1 hour after placement.,normal
Terms and conditions are available in full on our website.,normal
We offer a price match guarantee – contact us within 24 hours.,normal
Your saved payment methods are encrypted and secure.,normal
Estimated delivery dates are based on working days.,normal
Bundle discounts are automatically applied at checkout.,normal
We only collect the data we need to process your order.,normal
You can download your invoice from your account dashboard.,normal
Out-of-stock items can be added to your wishlist for alerts.,normal
We will notify you if your order is delayed.,normal
Use our store locator to find your nearest pick-up point.,normal
Delivery fees are clearly shown on the checkout page.,normal
All digital products include a 7-day satisfaction guarantee.,normal
Your account login is protected with industry-standard encryption.,normal
Annual plans are billed once per year – monthly plans monthly.,normal
We accept returns for both damaged and unwanted items.,normal
Product availability is updated in real time.,normal
You can request a copy of your stored data at any time.,normal
We don't add items to your cart without your action.,normal
Cancellation takes effect immediately and you won't be charged again.,normal
International orders may be subject to customs duties.,normal
Your order number is #84721 – save it for reference.,normal
All our products comply with relevant safety standards.,normal
Earn free delivery by reaching our loyalty threshold.,normal
We update our privacy policy and notify users of changes.,normal
Use the search bar to find products quickly.,normal
Our team manually reviews all seller listings for quality.,normal
Digital downloads are available immediately after purchase.,normal
You will not be charged until your item is dispatched.,normal
Delivery instructions can be added in the notes field at checkout.,normal
If you have a complaint our resolution team responds within 24 hours.,normal
Product ingredients and allergens are listed on the packaging page.,normal
Our pricing is consistent across web and app.,normal
All sales are final on personalised or custom-made items.,normal
Student discount of 15% is applied with a valid email.,normal
We ship to over 80 countries – select your region at checkout.,normal
Your free-tier account has no expiry date.,normal
Order before 2 PM for same-day dispatch.,normal
Subscription renewal reminders are sent 14 days in advance.,normal
We clearly display which products are sponsored.,normal
Your payment will appear as ExampleCo on your statement.,normal
Review your order summary before clicking Place Order.,normal
This product is eligible for our extended 2-year warranty.,normal
Returns are free for orders over $30.,normal
We offer live chat support Monday to Friday 9 AM – 6 PM.,normal
All prices include VAT where applicable.,normal
Your wishlist is saved to your account across devices.,normal
Billing details can be reviewed and edited on the final checkout screen.,normal
We never auto-enroll you in paid services without your consent.,normal
New stock arrives every Tuesday – sign up for alerts.,normal
Your personal data is deleted within 30 days of account closure.,normal
A tracking number will be emailed to you once your order ships.,normal
You can split payments across two cards at checkout.,normal
Our size guide includes measurements in both cm and inches.,normal
We clearly label all affiliate links on our site.,normal
Your wishlist items are not held or reserved.,normal
All promotional offers are shown with their full terms.,normal
Please ensure your delivery address is correct before confirming.,normal
Live inventory levels are shown on each product page.,normal
We don't use your browsing data to inflate prices.,normal
Age verification required for certain product categories.,normal
You can pause not just cancel your subscription at any time.,normal
Our prices are the same whether you are a new or existing customer.,normal
Estimated tax is calculated based on your delivery postcode.,normal
You'll always see a clear breakdown of what you're paying for.,normal
In Stock,normal
Out of Stock,normal
Add to Cart,normal
Buy Now,normal
Sign in,normal
Log in to your account,normal
Ships from Amazon,normal
Sold by TrendyQueen,normal
Deliver to Pakistan,normal
30-day refund / replacement,normal
Quantity: 1,normal
Color: Wine,normal
Size: Medium,normal
"PKR 9,732.47",normal
"PKR 11,123.22",normal
-13%,normal
"List Price: PKR 11,123.22",normal
4.4 out of 5 stars,normal
(627),normal
627 ratings,normal
400+ bought in past month,normal
"Tuesday, July 21",normal
"Clothing, Shoes & Jewelry > Women > Dresses > Casual",normal
Secure transaction,normal
Payment,normal
Ships to your address within 3-5 business days,normal
Free returns on this item,normal
Available in 6 colors,normal
Visit the store page for more items,normal
1 sustainability feature,normal
Details,normal
Add to Wish List,normal
Compare with similar items,normal
Frequently bought together,normal
Customer questions & answers,normal
Report an issue with this product,normal
Track your package,normal
View or change your orders,normal
Your Amazon Prime membership,normal
Currently unavailable in your area,normal
Choose a delivery option at checkout,normal
This item ships in its own packaging,normal
Product dimensions: 10 x 8 x 2 inches,normal
Manufacturer: TrendyQueen Apparel,normal
Country of origin: China,normal
"Fabric: 95% polyester, 5% spandex",normal
"Machine wash cold, tumble dry low",normal
Import duties may apply depending on your region,normal
Estimated delivery within 5 to 7 business days,normal
This seller has an average rating of 4.6,normal
See more product details,normal
Ask a question about this product,normal
Write a customer review,normal
Top critical review,normal
Was this review helpful to you?,normal
Sort reviews by most recent,normal
Customers also viewed these related items,normal
Similar items you might like,normal
Explore more from this brand,normal
See all buying options,normal
"New and used (12) from PKR 8,500",normal
This offer is available for a limited selection of items,normal
Gift options available at checkout,normal
Enter a delivery address to see product availability,normal
Your cart is empty,normal
Proceed to checkout,normal
Apply a promo code at checkout,normal
Estimated tax will be calculated at checkout,normal
Order summary will be emailed after purchase,normal
Continue shopping,normal
Save for later,normal
Item added to your cart,normal
Update quantity,normal
Remove from cart,normal
Move to wish list,normal
Choose your preferred delivery speed,normal
Select a payment method,normal
Edit shipping address,normal
This page was last updated today,normal
All prices include applicable taxes unless stated otherwise,normal
Product information is provided by the manufacturer,normal
Warranty details are listed under product specifications,normal
Customer service is available Monday through Friday,normal
Contact us for help with your order,normal
Read our full return policy,normal
View our privacy policy,normal
Terms of service apply to all purchases,normal
This listing was verified by our marketplace team,normal
Reviewed purchase,normal
Verified Purchase,normal
5 people found this helpful,normal
Showing 1-10 of 342 reviews,normal
Filter reviews by rating,normal
Only registered users can leave a review,normal
Your feedback helps other shoppers,normal
Browse similar categories,normal
View full size chart,normal
Check estimated fit before ordering,normal
This product ships separately from other items in your order,normal
Store pickup is available at select locations,normal
Curbside pickup option available today,normal
This item qualifies for free shipping on orders over a certain amount,normal
Shipping costs are calculated based on your location,normal
International orders may be subject to customs fees,normal
All sales are final on clearance items,normal
Standard delivery takes 3 to 5 business days,normal
Express delivery available for an additional fee,normal
This is a certified pre-owned item,normal
Manufacturer's suggested retail price shown for comparison,normal
Bundle and save when you buy 2 or more,normal
Available for pickup today at select stores,normal
"Only 2 left in stock, order soon",fake_urgency
Selling fast — 14 people have this in their cart,fake_urgency
"Deal ends in 3 hours, don't miss out",fake_urgency
"This price won't last, buy before it's gone",fake_urgency
Flash sale ends at midnight tonight,fake_urgency
"Hurry, offer expires when the timer hits zero",fake_urgency
Almost sold out — act now to secure yours,fake_urgency
"This deal is going fast, limited quantities remain",fake_urgency
Last chance to grab this price before it increases,fake_urgency
"Stock is running low, reserve yours today",fake_urgency
"Offer ends soon, don't miss this one-time deal",fake_urgency
Cart reserved for 10 minutes only,fake_urgency
This item is in high demand and may sell out,fake_urgency
"Limited time offer, ends tonight at 11:59 PM",fake_urgency
Hurry! Only a few units left at this price,fake_urgency
Someone else just added this to their cart,fake_urgency
"Price increases in 2 hours, lock it in now",fake_urgency
Grab it before the sale window closes,fake_urgency
Final total includes a service fee shown only at checkout,hidden_cost
Membership auto-renews unless cancelled 24 hours before the trial ends,hidden_cost
A convenience fee is added automatically during payment,hidden_cost
Processing fee revealed only after you enter your card details,hidden_cost
Shipping protection is pre-selected and adds to your total,hidden_cost
An additional handling charge appears at the final confirmation screen,hidden_cost
Subscription continues at full price after the promotional period ends,hidden_cost
A restocking fee applies if you return this item,hidden_cost
"Currency conversion fee added at checkout, not shown on product page",hidden_cost
Insurance add-on is included by default unless manually removed,hidden_cost
Priority processing fee is charged automatically for all orders,hidden_cost
Digital delivery fee appears only on the payment confirmation page,hidden_cost
Recommended for you based on your recent browsing,disguised_ad
Sponsored result that blends in with regular search listings,disguised_ad
Featured product placed at the top of your search results,disguised_ad
Promoted listing styled to match organic product results,disguised_ad
You may also like this — handpicked just for you,disguised_ad
Editor's pick appears alongside unsponsored articles without a label,disguised_ad
This result is a paid placement from our partner brand,disguised_ad
Suggested item shown in the same style as search results,disguised_ad
Shipping fee calculated at checkout,hidden_cost
Taxes will be added during payment,hidden_cost
Service charge applies before order confirmation,hidden_cost
Delivery charges vary by location,hidden_cost
Additional import fees may apply,hidden_cost
Handling fee will be added at checkout,hidden_cost
Convenience fee not included in listed price,hidden_cost
Platform fee added during checkout,hidden_cost
Payment processing fee applies,hidden_cost
Packaging charges calculated later,hidden_cost
Insurance fee is added before payment,hidden_cost
Final amount excludes customs duties,hidden_cost
Extra delivery surcharge for your area,hidden_cost
VAT calculated after shipping address is entered,hidden_cost
Eco fee will be added to your order,hidden_cost
Installment processing charges apply,hidden_cost
Shipping insurance is added by default,hidden_cost
Order total may increase after tax calculation,hidden_cost
A small service fee will appear before payment,hidden_cost
Express delivery requires an extra fee,hidden_cost
Remote area surcharge may apply,hidden_cost
Cash on delivery fee will be added,hidden_cost
Subscription renewal fee applies after trial,hidden_cost
Gift wrapping incurs an additional charge,hidden_cost
Delivery protection has been added to your order,hidden_cost
Extended warranty increases the final price,hidden_cost
Price excludes local taxes,hidden_cost
Convenience charges are added during checkout,hidden_cost
Your total does not include processing fees,hidden_cost
Final checkout amount may differ from displayed price,hidden_cost
Only 2 left in stock — order now!,fake_urgency
Deal expires in 4 minutes!,fake_urgency
Checkout within 5 minutes to secure this price.,fake_urgency
Your cart is reserved for 8 minutes.,fake_urgency
Selling out faster than expected!,fake_urgency
Almost sold out in your area.,fake_urgency
This offer disappears soon!,fake_urgency
Buy now before inventory runs out.,fake_urgency
Last chance to grab today's deal!,fake_urgency
Price increases after midnight.,fake_urgency
Only a few buyers can claim this offer.,fake_urgency
Limited quantities remaining today.,fake_urgency
High demand — don't miss out!,fake_urgency
Time is running out on this discount.,fake_urgency
Sale ends in less than 10 minutes.,fake_urgency
Reserve yours before it's gone.,fake_urgency
People are buying this every minute.,fake_urgency
Almost gone — act before it's too late!,fake_urgency
Exclusive price expires shortly.,fake_urgency
Only today's visitors can access this deal.,fake_urgency
Recommended for you,disguised_ad
Customers also bought,disguised_ad
Sponsored product you may like,disguised_ad
Suggested just for you,disguised_ad
You might also be interested in this,disguised_ad
Because you viewed similar items,disguised_ad
Featured recommendation,disguised_ad
Promoted item selected for you,disguised_ad
Hand-picked deals for you,disguised_ad
Explore similar sponsored products,disguised_ad